perturbation,label,source,source_detail,n_reactome_pathways
B2M,MHC_I_ANTIGEN_PRES,Frangieh2021_paper_module,"paper-discussed programme (manual, from publication text)",12
CCND1,CDK4_6_CYCLIN_D,Frangieh2021_paper_module,"paper-discussed programme (manual, from publication text)",18
CCND2,CDK4_6_CYCLIN_D,Frangieh2021_paper_module,"paper-discussed programme (manual, from publication text)",4
CD44,IFNG_JAK_STAT,Reactome,R-HSA-877300 Interferon gamma signaling,10
CD58,CD58,Frangieh2021_paper_module,"paper-discussed programme (manual, from publication text)",2
CDK4,CDK4_6_CYCLIN_D,Frangieh2021_paper_module,"paper-discussed programme (manual, from publication text)",19
CDK6,CDK4_6_CYCLIN_D,Frangieh2021_paper_module,"paper-discussed programme (manual, from publication text)",9
CDKN1A,CDK4_6_CYCLIN_D,Frangieh2021_paper_module,"paper-discussed programme (manual, from publication text)",25
CDKN2A,CDK4_6_CYCLIN_D,Frangieh2021_paper_module,"paper-discussed programme (manual, from publication text)",20
CDKN2B,CDK4_6_CYCLIN_D,Frangieh2021_paper_module,"paper-discussed programme (manual, from publication text)",5
CHCHD2,MITO_RESPIRATION_TCA,Reactome,R-HSA-1268020 Mitochondrial protein import,2
CKS1B,CDK4_6_CYCLIN_D,Frangieh2021_paper_module,"paper-discussed programme (manual, from publication text)",2
CTSA,LYSOSOMAL_CATHEPSIN,Reactome,R-HSA-2132295 MHC class II antigen presentation,6
CTSB,LYSOSOMAL_CATHEPSIN,Reactome,R-HSA-2132295 MHC class II antigen presentation,8
CTSD,LYSOSOMAL_CATHEPSIN,Reactome,R-HSA-2132295 MHC class II antigen presentation,7
CTSL,LYSOSOMAL_CATHEPSIN,Reactome,R-HSA-2132295 MHC class II antigen presentation,13
CTSO,LYSOSOMAL_CATHEPSIN,Reactome,R-HSA-2132295 MHC class II antigen presentation,7
E2F1,CDK4_6_CYCLIN_D,Frangieh2021_paper_module,"paper-discussed programme (manual, from publication text)",17
EIF2S3,TRANSLATION_INITIATION,Reactome,R-HSA-72649 Translation initiation complex formation,12
EIF3K,TRANSLATION_INITIATION,Reactome,R-HSA-72649 Translation initiation complex formation,7
EIF4A1,TRANSLATION_INITIATION,Reactome,R-HSA-72649 Translation initiation complex formation,10
HLA-A,MHC_I_ANTIGEN_PRES,Frangieh2021_paper_module,"paper-discussed programme (manual, from publication text)",9
HLA-B,MHC_I_ANTIGEN_PRES,Frangieh2021_paper_module,"paper-discussed programme (manual, from publication text)",9
HLA-C,MHC_I_ANTIGEN_PRES,Frangieh2021_paper_module,"paper-discussed programme (manual, from publication text)",9
HLA-DRB5,IFNG_JAK_STAT,Reactome,R-HSA-877300 Interferon gamma signaling,9
HLA-E,MHC_I_ANTIGEN_PRES,Frangieh2021_paper_module,"paper-discussed programme (manual, from publication text)",9
HLA-F,MHC_I_ANTIGEN_PRES,Frangieh2021_paper_module,"paper-discussed programme (manual, from publication text)",7
HLA-H,MHC_I_ANTIGEN_PRES,Frangieh2021_paper_module,"paper-discussed programme (manual, from publication text)",8
HNRNPA1,MRNA_SPLICING,Reactome,R-HSA-72163 mRNA Splicing - Major Pathway,7
HNRNPC,MRNA_SPLICING,Reactome,R-HSA-72163 mRNA Splicing - Major Pathway,7
IDH2,MITO_RESPIRATION_TCA,Reactome,R-HSA-71403 Citric acid cycle (TCA cycle),4
IFNGR1,IFNG_JAK_STAT,Frangieh2021_paper_module,"paper-discussed programme (manual, from publication text)",4
IFNGR2,IFNG_JAK_STAT,Frangieh2021_paper_module,"paper-discussed programme (manual, from publication text)",4
IRF3,IFNG_JAK_STAT,Reactome,R-HSA-877300 Interferon gamma signaling,16
IRF4,IFNG_JAK_STAT,Reactome,R-HSA-877300 Interferon gamma signaling,7
JAK1,IFNG_JAK_STAT,Frangieh2021_paper_module,"paper-discussed programme (manual, from publication text)",31
JAK2,IFNG_JAK_STAT,Frangieh2021_paper_module,"paper-discussed programme (manual, from publication text)",39
MDH2,MITO_RESPIRATION_TCA,Reactome,R-HSA-71403 Citric acid cycle (TCA cycle),3
MT2A,IFNG_JAK_STAT,Reactome,R-HSA-877300 Interferon gamma signaling,2
NDUFA13,MITO_RESPIRATION_TCA,Reactome,R-HSA-611105 Respiratory electron transport,3
PABPC1,TRANSLATION_INITIATION,Reactome,R-HSA-72649 Translation initiation complex formation,10
PUF60,MRNA_SPLICING,Reactome,R-HSA-72163 mRNA Splicing - Major Pathway,4
RB1,CDK4_6_CYCLIN_D,Frangieh2021_paper_module,"paper-discussed programme (manual, from publication text)",18
RPSA,TRANSLATION_INITIATION,Reactome,R-HSA-72649 Translation initiation complex formation,22
SLC25A13,MITO_RESPIRATION_TCA,Reactome,R-HSA-1268020 Mitochondrial protein import,3
SNRPE,MRNA_SPLICING,Reactome,R-HSA-72163 mRNA Splicing - Major Pathway,10
SNRPF,MRNA_SPLICING,Reactome,R-HSA-72163 mRNA Splicing - Major Pathway,10
SNRPG,MRNA_SPLICING,Reactome,R-HSA-72163 mRNA Splicing - Major Pathway,10
SP100,IFNG_JAK_STAT,Reactome,R-HSA-877300 Interferon gamma signaling,2
STAT1,IFNG_JAK_STAT,Frangieh2021_paper_module,"paper-discussed programme (manual, from publication text)",31
TAPBP,MHC_I_ANTIGEN_PRES,Frangieh2021_paper_module,"paper-discussed programme (manual, from publication text)",2
TIMM50,MITO_RESPIRATION_TCA,Reactome,R-HSA-1268020 Mitochondrial protein import,1
TRIM22,IFNG_JAK_STAT,Reactome,R-HSA-877300 Interferon gamma signaling,1
UBL5,MRNA_SPLICING,Reactome,R-HSA-72163 mRNA Splicing - Major Pathway,1
UQCRFS1,MITO_RESPIRATION_TCA,Reactome,R-HSA-611105 Respiratory electron transport,2
UQCRH,MITO_RESPIRATION_TCA,Reactome,R-HSA-611105 Respiratory electron transport,2
